{
    "s0": {
        "external_services": [
            {
                "seq_len": 10000, 
                "services": []
            }
        ]
    }, 
    "s1": {
        "external_services": [
            {
                "seq_len": 10000, 
                "services": []
            }
        ]
    }, 
    "s2": {
        "external_services": [
            {
                "seq_len": 10000, 
                "services": []
            }
        ]
    }, 
    "s3": {
        "external_services": [
            {
                "seq_len": 10000, 
                "services": []
            }
        ]
    }
}